epoch,seconds,lr,feature_frozen,shared_frozen,dense_frozen,layout_geometry_frozen,train_total,train_center,train_offset,train_orientation,train_half_length,train_family,train_identity,train_roi,train_layout_coordinate,train_layout_validity,train_layout_proposal,train_target_collisions,train_target_votes,train_hard_negative_samples,valid_total,valid_center,valid_offset,valid_orientation,valid_half_length,valid_family,valid_identity,valid_roi,valid_layout_coordinate,valid_layout_validity,valid_layout_proposal,valid_target_collisions,valid_target_votes,valid_hard_negative_samples
1,4.771718564006733,0.0009993490290084225,True,True,True,True,4.859152562409928,1.253325366279454,0.06657061009731108,0.046670839877672565,0.0,0.979589067616509,1.5244833531888944,0.15843907606254504,3.254324616737736,0.2896231190093513,1.7802091593881255,48.0,46456.0,0.0,3.0114464502076843,0.8237406224817843,0.060418704776345075,0.02402923208334156,0.0,0.08278558674155155,0.48018229732642304,0.22461745465123975,1.7352230226671375,0.18820670649812027,1.589419737055495,8.0,3972.0,0.0
2,4.118440730002476,0.0009973979002999296,True,True,True,True,4.745546567787245,1.2630448885334349,0.06735183544529294,0.046688467408846884,0.0,0.9907162745022079,1.5333833208361876,0.15700075131596872,3.3271174037340776,0.29949002995074375,1.6445653727911052,31.0,46547.0,0.0,3.0538467652088888,0.8237406224817843,0.060418704776345075,0.02402923208334156,0.0,0.08278558674155155,0.48018229732642304,0.22461745465123975,1.7352230226671375,0.18820670649812027,1.6318199570114549,8.0,3972.0,0.0
3,4.269256239989772,0.0009941519617826901,True,True,True,True,4.603046120949162,1.2569615181209972,0.06644330636679548,0.04551459400399217,0.0,0.9854140432135573,1.5296751087151685,0.1606736087683335,3.3267558431162416,0.29269724968567634,1.513826554261365,36.0,46672.0,0.0,3.278596562308234,0.8237406224817843,0.060418704776345075,0.02402923208334156,0.0,0.08278558674155155,0.48018229732642304,0.22461745465123975,1.7352230226671375,0.18820670649812027,1.8565697541108002,8.0,3972.0,0.0
4,4.005460051994305,0.0009896201103485574,True,True,True,True,4.506764333224991,1.2572387051813811,0.06657427809770824,0.047364741744636334,0.0,0.9855488885953588,1.5288459016281424,0.156074650151637,3.338712662169077,0.3002446169413409,1.4181403754984292,43.0,46546.0,0.0,3.434866003088049,0.8237406224817843,0.060418704776345075,0.02402923208334156,0.0,0.08278558674155155,0.48018229732642304,0.22461745465123975,1.7352230226671375,0.18820670649812027,2.0128391079000525,8.0,3972.0,0.0
5,4.069412585988175,0.0009838147674873072,True,True,True,True,4.549699019459845,1.2548401494628016,0.06652578205159566,0.04589913344209634,0.0,0.9861266069041873,1.5375452273100325,0.15819062914663148,3.2767507613283917,0.2998246374060807,1.4571163515442784,29.0,46572.0,0.0,3.17218677417652,0.8237406224817843,0.060418704776345075,0.02402923208334156,0.0,0.08278558674155155,0.48018229732642304,0.22461745465123975,1.7352230226671375,0.18820670649812027,1.7501600851883758,8.0,3972.0,0.0
6,4.2629716800001916,0.0009767518452401978,True,True,True,True,4.514993190765381,1.259163570635527,0.0668804040088237,0.046625670009446375,0.0,0.9851340773036179,1.5276233247182902,0.16006435598563223,3.34940117308237,0.29194281402143457,1.4240067699580516,34.0,46264.0,0.0,3.2565163277290963,0.8237406224817843,0.060418704776345075,0.02402923208334156,0.0,0.08278558674155155,0.48018229732642304,0.22461745465123975,1.7352230226671375,0.18820670649812027,1.8344895356410258,8.0,3972.0,0.0
7,4.190620693989331,0.0009684507025861706,True,True,True,True,4.292839994708311,1.2585293158744146,0.06652924910332393,0.0452816423426554,0.0,0.9884246888669949,1.533998285682456,0.16382611940786676,3.2606929992009137,0.2952979722069305,1.1958756794049903,29.0,46510.0,0.0,3.1972404106243237,0.8237406224817843,0.060418704776345075,0.02402923208334156,0.0,0.08278558674155155,0.48018229732642304,0.22461745465123975,1.7352230226671375,0.18820670649812027,1.7752136024268899,8.0,3972.0,0.0
8,4.016198534984142,0.0009589340923802351,True,True,True,True,4.391380523014995,1.2490854853565254,0.06659334782257821,0.046690498162241814,0.0,0.9714443405855049,1.516947432629113,0.1587411024906103,3.3171539908473933,0.28842301681203747,1.3262079803689013,44.0,46674.0,0.0,3.208932618837099,0.8237406224817843,0.060418704776345075,0.02402923208334156,0.0,0.08278558674155155,0.48018229732642304,0.22461745465123975,1.7352230226671375,0.18820670649812027,1.7869058267490283,8.0,3972.0,0.0
9,3.974238601018442,0.0009482280989894745,True,True,True,True,4.307943043199558,1.2521910771582891,0.066372420819639,0.04719091687821648,0.0,0.9775666027393156,1.5065105285459353,0.1571509265205235,3.2861072901383186,0.29940081857940526,1.244947034757114,43.0,46396.0,0.0,3.527566858240076,0.8237406224817843,0.060418704776345075,0.02402923208334156,0.0,0.08278558674155155,0.48018229732642304,0.22461745465123975,1.7352230226671375,0.18820670649812027,2.1055401692519315,8.0,3972.0,0.0
10,4.020720788976178,0.0009363620667976082,True,True,True,True,4.334661636537718,1.2558252857726755,0.06631485285978873,0.046768809840517137,0.0,0.9921168482419357,1.542304358436066,0.1590722457876483,3.3314187827619532,0.292882366955859,1.2334298809755195,37.0,46587.0,0.0,3.3453094314884497,0.8237406224817843,0.060418704776345075,0.02402923208334156,0.0,0.08278558674155155,0.48018229732642304,0.22461745465123975,1.7352230226671375,0.18820670649812027,1.9232825201910895,8.0,3972.0,0.0
11,3.987708594999276,0.0009233685197740761,True,True,True,True,4.39302416681086,1.2519686488271917,0.0669616009425191,0.04561712220311165,0.0,0.9737787021016612,1.5209180417570096,0.16094953241278825,3.2841083332172873,0.30285026350067656,1.3204241250325175,45.0,46907.0,0.0,3.103528409390836,0.8237406224817843,0.060418704776345075,0.02402923208334156,0.0,0.08278558674155155,0.48018229732642304,0.22461745465123975,1.7352230226671375,0.18820670649812027,1.6815017204026919,8.0,3972.0,0.0
12,3.8171774620132055,0.0009092830723280998,True,True,True,True,4.450595128883436,1.2592247435190145,0.06635565238380894,0.04679735995901441,0.0,0.998146811156597,1.5521077496334188,0.15668261514126675,3.3337237302539418,0.2907964393351842,1.3367218554598614,44.0,46418.0,0.0,3.2893249344181372,0.8237406224817843,0.060418704776345075,0.02402923208334156,0.0,0.08278558674155155,0.48018229732642304,0.22461745465123975,1.7352230226671375,0.18820670649812027,1.8672981262207031,8.0,3972.0,0.0
13,4.10308982298011,0.000894144331692061,True,True,True,True,4.402936995608135,1.258208426457007,0.06654302341845429,0.04600263589504853,0.0,1.0004611339383913,1.5487532245302664,0.15858550890556816,3.3762724561598696,0.2864714279336837,1.29109467927692,38.0,46442.0,0.0,3.336389225882453,0.8237406224817843,0.060418704776345075,0.02402923208334156,0.0,0.08278558674155155,0.48018229732642304,0.22461745465123975,1.7352230226671375,0.18820670649812027,1.914362520784945,8.0,3972.0,0.0
14,4.0911917310149875,0.0008779937921017621,True,True,True,True,4.342905026037716,1.259313526662808,0.06725435559321376,0.04738047715384983,0.0,0.9946642847894465,1.5387244074090014,0.16188789325431713,3.339660035753713,0.292170880488979,1.236637316861199,31.0,46567.0,0.0,3.0571423092403927,0.8237406224817843,0.060418704776345075,0.02402923208334156,0.0,0.08278558674155155,0.48018229732642304,0.22461745465123975,1.7352230226671375,0.18820670649812027,1.6351155171523224,8.0,3972.0,0.0
15,4.017586496018339,0.00086087572106361,True,True,True,True,4.134653489566544,1.2562616646868512,0.06738455441680927,0.04641367440808167,0.0,0.9935659991884694,1.5360175915134764,0.16038929135764687,3.2888148062437486,0.30112329761958817,1.0356027698053898,37.0,46593.0,0.0,3.2381865462741337,0.8237406224817843,0.060418704776345075,0.02402923208334156,0.0,0.08278558674155155,0.48018229732642304,0.22461745465123975,1.7352230226671375,0.18820670649812027,1.8161596349767737,8.0,3972.0,0.0
16,4.0209144949913025,0.0008428370380204576,True,True,True,True,4.219585400183224,1.2522976803548127,0.06672585647083024,0.045321692359968295,0.0,0.9876792083666163,1.534650499380908,0.15567360659247464,3.315158075499303,0.300689431359467,1.1325759575204941,45.0,46194.0,0.0,3.3113351190412366,0.8237406224817843,0.060418704776345075,0.02402923208334156,0.0,0.08278558674155155,0.48018229732642304,0.22461745465123975,1.7352230226671375,0.18820670649812027,1.8893084139437288,8.0,3972.0,0.0
17,4.276645906997146,0.0008239271857486728,True,True,True,True,4.246939048026372,1.254731274345546,0.06691944664253772,0.04723441380175572,0.0,0.9837046178799231,1.5336910069567486,0.15923045300742955,3.3426410295430897,0.30265900521602446,1.1563181217434337,33.0,46727.0,0.0,3.2660613188872465,0.8237406224817843,0.060418704776345075,0.02402923208334156,0.0,0.08278558674155155,0.48018229732642304,0.22461745465123975,1.7352230226671375,0.18820670649812027,1.8440345187444944,8.0,3972.0,0.0
18,4.102669832005631,0.0008041979948389247,True,True,True,True,4.201608407844618,1.2540412655154478,0.06688387417098851,0.04826747192051804,0.0,0.992292862494015,1.5259270806914393,0.15872406250643498,3.3125601138883423,0.2975444212121871,1.1124619783707035,42.0,46582.0,0.0,3.302530237146326,0.8237406224817843,0.060418704776345075,0.02402923208334156,0.0,0.08278558674155155,0.48018229732642304,0.22461745465123975,1.7352230226671375,0.18820670649812027,1.8805035481581818,8.0,3972.0,0.0
19,4.023572072008392,0.0007837035416321378,True,True,True,True,4.236661855456899,1.241963330403115,0.06596308816405176,0.04675317924578213,0.0,0.9675088903857666,1.4998839850564605,0.15940506293356999,3.318537688949733,0.30280084112315503,1.1936123058633896,28.0,46418.0,0.0,3.3838734884519837,0.8237406224817843,0.060418704776345075,0.02402923208334156,0.0,0.08278558674155155,0.48018229732642304,0.22461745465123975,1.7352230226671375,0.18820670649812027,1.9618465690999418,8.0,3972.0,0.0
20,3.917962040985003,0.0007624999999999998,True,True,True,True,4.331995380734934,1.2565608221350364,0.06642834531161391,0.0465281210405734,0.0,0.9928357763197816,1.5415929879957033,0.15964849915319276,3.3058706603003936,0.29093856140247826,1.2300412388681208,25.0,46531.0,0.0,3.204402085897085,0.8237406224817843,0.060418704776345075,0.02402923208334156,0.0,0.08278558674155155,0.48018229732642304,0.22461745465123975,1.7352230226671375,0.18820670649812027,1.7823751584903613,8.0,3972.0,0.0
21,4.07354459000635,0.0007406454873762846,True,True,True,True,4.326904215858978,1.2576412680079636,0.06715951310199442,0.04636855808638253,0.0,0.9917121674250631,1.5420588764172156,0.15739883815200584,3.276853394739836,0.29909956397362125,1.224635300127048,33.0,46545.0,0.0,3.2872032861451843,0.8237406224817843,0.060418704776345075,0.02402923208334156,0.0,0.08278558674155155,0.48018229732642304,0.22461745465123975,1.7352230226671375,0.18820670649812027,1.8651765649383132,8.0,3972.0,0.0
22,4.0305577849794645,0.0007181999054610051,True,True,True,True,4.311632147113096,1.2537494353877687,0.06733511504039023,0.04687374059870405,0.0,0.9807091065980855,1.5276780857623202,0.1605035843490397,3.319036999952446,0.303965458013479,1.227308929545208,32.0,46478.0,0.0,3.072434592891384,0.8237406224817843,0.060418704776345075,0.02402923208334156,0.0,0.08278558674155155,0.48018229732642304,0.22461745465123975,1.7352230226671375,0.18820670649812027,1.6504078716845125,8.0,3972.0,0.0
23,4.142317523015663,0.0006952247760340177,True,True,True,True,4.336185816422249,1.2633039268475135,0.06667771284441346,0.045599866043595436,0.0,0.9995255701750227,1.5458208426688482,0.15896472653138985,3.2664707378276345,0.30771978966240743,1.2219935481988111,39.0,46563.0,0.0,3.3036813929274276,0.8237406224817843,0.060418704776345075,0.02402923208334156,0.0,0.08278558674155155,0.48018229732642304,0.22461745465123975,1.7352230226671375,0.18820670649812027,1.8816544816300675,8.0,3972.0,0.0
24,4.179181305982638,0.0006717830723281,True,True,True,True,4.328004401864358,1.2587068266081578,0.06641827169263247,0.0471911346811114,0.0,0.9909113275194631,1.5313415562064903,0.15908882687392745,3.3322014901244525,0.3059913487110323,1.2321818245267404,37.0,46425.0,0.0,3.408348998507938,0.8237406224817843,0.060418704776345075,0.02402923208334156,0.0,0.08278558674155155,0.48018229732642304,0.22461745465123975,1.7352230226671375,0.18820670649812027,1.9863222773010667,8.0,3972.0,0.0
25,4.271341162006138,0.0006479390464236973,True,True,True,True,4.322253157791582,1.2594835862372686,0.06716717627731342,0.04681370504996152,0.0,0.9961308113579611,1.5393037090023745,0.16005789842999096,3.314026288615847,0.287759082409942,1.2162165786456136,49.0,46389.0,0.0,3.178426117510409,0.8237406224817843,0.060418704776345075,0.02402923208334156,0.0,0.08278558674155155,0.48018229732642304,0.22461745465123975,1.7352230226671375,0.18820670649812027,1.7563994124129012,8.0,3972.0,0.0
26,3.6443774359941017,0.0006237580531384356,True,True,True,True,4.20017706769184,1.2547909773669197,0.06666722799678451,0.0456964492942523,0.0,0.9769467265860549,1.5240130019419402,0.15944998812617608,3.2899374174840244,0.2945654102899496,1.121814335434182,40.0,46570.0,0.0,3.0997669116870776,0.8237406224817843,0.060418704776345075,0.02402923208334156,0.0,0.08278558674155155,0.48018229732642304,0.22461745465123975,1.7352230226671375,0.18820670649812027,1.6777400084443994,8.0,3972.0,0.0
27,4.033882043004269,0.0005993063708941097,True,True,True,True,4.164204324333413,1.2545406123966847,0.0671140714322479,0.04778965363658748,0.0,0.9822078410861561,1.525545542679944,0.1588885500593093,3.325085167745942,0.3061481696888081,1.0800525945367165,45.0,46449.0,0.0,3.235599002322635,0.8237406224817843,0.060418704776345075,0.02402923208334156,0.0,0.08278558674155155,0.48018229732642304,0.22461745465123975,1.7352230226671375,0.18820670649812027,1.8135723052798092,8.0,3972.0,0.0
28,4.08853595299297,0.0005746510200521354,True,True,True,True,4.203364168555991,1.2526948428848415,0.06721804898630068,0.046924728936362035,0.0,0.9730037931099679,1.506513166196138,0.15781075644840314,3.3146046689413127,0.30091302834668204,1.1412344464977968,32.0,46660.0,0.0,3.2291859227257804,0.8237406224817843,0.060418704776345075,0.02402923208334156,0.0,0.08278558674155155,0.48018229732642304,0.22461745465123975,1.7352230226671375,0.18820670649812027,1.8071591145283468,8.0,3972.0,0.0
29,4.024721377994865,0.0005498595792153983,True,True,True,True,4.189385140983804,1.2582421418532586,0.06694185263612895,0.04682606487598234,0.0,0.9865713478292076,1.5283473706939845,0.16191414924501216,3.359793480160167,0.293325829563789,1.0968717701226762,44.0,46412.0,0.0,3.155216526340794,0.8237406224817843,0.060418704776345075,0.02402923208334156,0.0,0.08278558674155155,0.48018229732642304,0.22461745465123975,1.7352230226671375,0.18820670649812027,1.7331896311527974,8.0,3972.0,0.0
30,3.8117901390069164,0.0005250000000000001,True,True,True,True,4.192766087726482,1.2583270871523515,0.066607585592756,0.04665131440151085,0.0,0.9823456574412226,1.5248312371448405,0.15709281748938328,3.322432832810485,0.30671069127263373,1.1078374530505208,38.0,46647.0,0.0,3.224015815837963,0.8237406224817843,0.060418704776345075,0.02402923208334156,0.0,0.08278558674155155,0.48018229732642304,0.22461745465123975,1.7352230226671375,0.18820670649812027,1.8019888964859214,8.0,3972.0,0.0
31,4.100058879004791,0.0005001404207846018,True,True,True,True,4.401972196634533,1.2557284774132145,0.06660213900133244,0.04746113562034172,0.0,0.9833400515676702,1.5151518455986839,0.1590498123064782,3.3438733341624434,0.2987169247229122,1.3246215593467638,54.0,46423.0,0.0,3.2449134040523218,0.8237406224817843,0.060418704776345075,0.02402923208334156,0.0,0.08278558674155155,0.48018229732642304,0.22461745465123975,1.7352230226671375,0.18820670649812027,1.822886595854888,8.0,3972.0,0.0
32,4.051696545997402,0.00047534897994786467,True,True,True,True,4.2278926164201165,1.2537186458272842,0.06666000910754342,0.04742936714036951,0.0,0.9759394300794139,1.5119546489808167,0.15743340088904484,3.3195307879772002,0.30135253418996494,1.159432206917735,36.0,46489.0,0.0,3.259549881960895,0.8237406224817843,0.060418704776345075,0.02402923208334156,0.0,0.08278558674155155,0.48018229732642304,0.22461745465123975,1.7352230226671375,0.18820670649812027,1.8375230737634607,8.0,3972.0,0.0
33,3.986832744005369,0.0004506936291058903,True,True,True,True,4.269620270405001,1.2382312214490279,0.06650727748581507,0.047093033844840176,0.0,0.9593319979686181,1.4927319901660807,0.1563732849741445,3.302411301622113,0.29812250901194454,1.240387070526197,34.0,46205.0,0.0,3.1839906847154773,0.8237406224817843,0.060418704776345075,0.02402923208334156,0.0,0.08278558674155155,0.48018229732642304,0.22461745465123975,1.7352230226671375,0.18820670649812027,1.7619638926274068,8.0,3972.0,0.0
34,3.999043895979412,0.00042624194686156425,True,True,True,True,4.232585152376045,1.2566784226778642,0.06665465214009424,0.04640038911868068,0.0,0.9835686949850286,1.5336652959434731,0.16220644593817515,3.2934719196801048,0.30646040196557645,1.1397150454011935,37.0,46502.0,0.0,3.21219835410247,0.8237406224817843,0.060418704776345075,0.02402923208334156,0.0,0.08278558674155155,0.48018229732642304,0.22461745465123975,1.7352230226671375,0.18820670649812027,1.7901714428051099,8.0,3972.0,0.0
35,4.095041584019782,0.0004020609535763027,True,True,True,True,4.269196158473932,1.261204945230947,0.06706238950340493,0.04727246297649967,0.0,0.9965776500192661,1.5477003125311102,0.1576662869418709,3.2955350968444233,0.30861450037331256,1.1557591343388973,37.0,46548.0,0.0,3.3335006301467485,0.8237406224817843,0.060418704776345075,0.02402923208334156,0.0,0.08278558674155155,0.48018229732642304,0.22461745465123975,1.7352230226671375,0.18820670649812027,1.9114737349587518,8.0,3972.0,0.0
36,4.025602418987546,0.00037821692767190003,True,True,True,True,4.237213407905356,1.2545414584354289,0.0667541280967518,0.046890235316116836,0.0,0.9753170545818737,1.5085042472024566,0.15695301783316343,3.3357890786476507,0.28478909233241406,1.1715144023154547,48.0,46337.0,0.0,3.2732425831459664,0.8237406224817843,0.060418704776345075,0.02402923208334156,0.0,0.08278558674155155,0.48018229732642304,0.22461745465123975,1.7352230226671375,0.18820670649812027,1.8512156718486064,8.0,3972.0,0.0
37,3.873650968016591,0.0003547752239659824,True,True,True,True,4.3233766602081,1.2575104942599546,0.06612462731241023,0.045517877576131266,0.0,0.9907312995021783,1.534349159129615,0.15795909418064413,3.279477955068199,0.29542450303012885,1.2291166122677257,37.0,46690.0,0.0,3.2371321884361475,0.8237406224817843,0.060418704776345075,0.02402923208334156,0.0,0.08278558674155155,0.48018229732642304,0.22461745465123975,1.7352230226671375,0.18820670649812027,1.8151054672292761,8.0,3972.0,0.0
38,3.6825596620037686,0.000331800094538995,True,True,True,True,4.238472651509405,1.2533172426871884,0.06707497476374061,0.045501027654096915,0.0,0.9922694419194193,1.5405406697282513,0.15883089500723532,3.2838499106249763,0.29445351269638653,1.1416237180672804,37.0,46712.0,0.0,3.1917558489619076,0.8237406224817843,0.060418704776345075,0.02402923208334156,0.0,0.08278558674155155,0.48018229732642304,0.22461745465123975,1.7352230226671375,0.18820670649812027,1.7697289215551841,8.0,3972.0,0.0
39,3.9263286769855767,0.0003093545126237153,True,True,True,True,4.215126736650189,1.2606512805790577,0.0668672093922652,0.0475789395712533,0.0,0.9941900592405819,1.5353163862691341,0.1590651134842808,3.312769109762988,0.302258019597785,1.1119144344792782,35.0,46427.0,0.0,3.2137972857501054,0.8237406224817843,0.060418704776345075,0.02402923208334156,0.0,0.08278558674155155,0.48018229732642304,0.22461745465123975,1.7352230226671375,0.18820670649812027,1.7917704936620351,8.0,3972.0,0.0
40,3.828668978996575,0.0002875000000000001,True,True,True,True,4.138079245113632,1.2564981793894352,0.06663406770495535,0.046109491181605074,0.0,0.9856220935154887,1.5321278583656237,0.16280747197785425,3.3002478983795758,0.2950518079174375,1.0455268303167473,31.0,46740.0,0.0,3.241949016983445,0.8237406224817843,0.060418704776345075,0.02402923208334156,0.0,0.08278558674155155,0.48018229732642304,0.22461745465123975,1.7352230226671375,0.18820670649812027,1.8199222957765735,8.0,3972.0,0.0
41,3.8276890499982983,0.0002662964583678623,True,True,True,True,4.198671766855185,1.252309627903318,0.06671420926029242,0.047663426171373396,0.0,0.9789616841714359,1.530785836062385,0.16282439969697046,3.296456024484727,0.29906583194015096,1.113002102351883,38.0,46398.0,0.0,3.2042103200345426,0.8237406224817843,0.060418704776345075,0.02402923208334156,0.0,0.08278558674155155,0.48018229732642304,0.22461745465123975,1.7352230226671375,0.18820670649812027,1.7821834957277454,8.0,3972.0,0.0
42,3.8968328739865683,0.00024580200516107533,True,True,True,True,4.103006548094518,1.256447443684328,0.06671260275597711,0.04753813346468129,0.0,0.9739352123251239,1.5137243629659263,0.16056310392699194,3.332137531447179,0.29389421338016547,1.0297659415643192,29.0,46678.0,0.0,3.1795228365305306,0.8237406224817843,0.060418704776345075,0.02402923208334156,0.0,0.08278558674155155,0.48018229732642304,0.22461745465123975,1.7352230226671375,0.18820670649812027,1.7574961153236595,8.0,3972.0,0.0
43,3.744736192980781,0.00022607281425132732,True,True,True,True,4.12113875787235,1.2540810814181578,0.06634447043671192,0.04678841022033136,0.0,0.9860041506082109,1.5213460956962364,0.15793926059042365,3.285209276143787,0.3013711479103681,1.0409435137961676,34.0,46469.0,0.0,3.1749248440201217,0.8237406224817843,0.060418704776345075,0.02402923208334156,0.0,0.08278558674155155,0.48018229732642304,0.22461745465123975,1.7352230226671375,0.18820670649812027,1.7528979327227618,8.0,3972.0,0.0
44,3.9562845210020896,0.00020716296197954254,True,True,True,True,4.264016253276936,1.2583031712226498,0.06645377190078347,0.04632554541441422,0.0,0.9893857049710543,1.5304947154035846,0.16214077854619444,3.3181167736794186,0.297973862550791,1.1692994995024597,40.0,46656.0,0.0,3.2387548330667855,0.8237406224817843,0.060418704776345075,0.02402923208334156,0.0,0.08278558674155155,0.48018229732642304,0.22461745465123975,1.7352230226671375,0.18820670649812027,1.8167280248693518,8.0,3972.0,0.0
45,3.9075248320004903,0.00018912427893638998,True,True,True,True,4.239806786324214,1.2546308272093245,0.06670599365697323,0.04614096630400824,0.0,0.9900363151309559,1.538394962699668,0.16073280442686913,3.302422574422892,0.2970807338223874,1.143148210442182,44.0,46545.0,0.0,3.2582698512721704,0.8237406224817843,0.060418704776345075,0.02402923208334156,0.0,0.08278558674155155,0.48018229732642304,0.22461745465123975,1.7352230226671375,0.18820670649812027,1.8362430511294185,8.0,3972.0,0.0
46,3.9758733340131585,0.00017200620789823787,True,True,True,True,4.293034146132978,1.2490126820443903,0.06636636827177214,0.04578488066937159,0.0,0.9862747470152031,1.5358610546704634,0.15840835825910846,3.3621625182698076,0.28981176597400776,1.2076329513660913,35.0,46395.0,0.0,3.2133328076955436,0.8237406224817843,0.060418704776345075,0.02402923208334156,0.0,0.08278558674155155,0.48018229732642304,0.22461745465123975,1.7352230226671375,0.18820670649812027,1.7913059833887461,8.0,3972.0,0.0
47,4.052319267007988,0.00015585566830793887,True,True,True,True,4.227326059804379,1.2563219788005051,0.06661610992498768,0.04595575601007174,0.0,0.9776361214304433,1.5217187092142197,0.16342653203936455,3.328722951481643,0.30453431461621255,1.1466118594975148,35.0,46613.0,0.0,3.225633247478588,0.8237406224817843,0.060418704776345075,0.02402923208334156,0.0,0.08278558674155155,0.48018229732642304,0.22461745465123975,1.7352230226671375,0.18820670649812027,1.8036064231717908,8.0,3972.0,0.0
48,3.9734208039881196,0.00014071692767190006,True,True,True,True,4.156309947226811,1.2611690157825508,0.06680678814938924,0.04634711891412735,0.0,0.994412772863814,1.5413976954024973,0.15894715864102818,3.2898258098120827,0.3022728808296537,1.0492588385794928,36.0,46711.0,0.0,3.2073295051987105,0.8237406224817843,0.060418704776345075,0.02402923208334156,0.0,0.08278558674155155,0.48018229732642304,0.22461745465123975,1.7352230226671375,0.18820670649812027,1.7853026808919132,8.0,3972.0,0.0
49,3.977384570025606,0.00012663148022592366,True,True,True,True,4.192518660165732,1.2520005783988435,0.06665476766026136,0.045972482599679704,0.0,0.9818332739246701,1.5248083767381686,0.15840243786862754,3.3331642660122474,0.2917622929637872,1.114166697252144,43.0,46732.0,0.0,3.17495659879736,0.8237406224817843,0.060418704776345075,0.02402923208334156,0.0,0.08278558674155155,0.48018229732642304,0.22461745465123975,1.7352230226671375,0.18820670649812027,1.7529298936998523,8.0,3972.0,0.0
50,3.979043730010744,0.00011363793320239165,True,True,True,True,4.186114394549027,1.2573554330659145,0.06703483356723508,0.04789561789157321,0.0,0.9935036070138505,1.521761381510392,0.15878470487964963,3.3116886384278823,0.29177134158541856,1.0963632875275844,44.0,46256.0,0.0,3.1961611026042216,0.8237406224817843,0.060418704776345075,0.02402923208334156,0.0,0.08278558674155155,0.48018229732642304,0.22461745465123975,1.7352230226671375,0.18820670649812027,1.7741341751974982,8.0,3972.0,0.0
51,4.120107211027062,0.00010177190101052534,True,True,True,True,4.087204660026773,1.2557103043621025,0.06677328390114516,0.04623477584094677,0.0,0.983089980569858,1.5250764969483162,0.15832561746384333,3.3129589650237445,0.30010904183665527,1.0039710871224266,40.0,46660.0,0.0,3.197416357091955,0.8237406224817843,0.060418704776345075,0.02402923208334156,0.0,0.08278558674155155,0.48018229732642304,0.22461745465123975,1.7352230226671375,0.18820670649812027,1.775389565003885,8.0,3972.0,0.0
52,4.2139000840252265,9.106590761976457e-05,True,True,True,True,4.170013946236916,1.2606908372304972,0.06712392855037763,0.046189081574817305,0.0,0.9897442963516828,1.532549338433349,0.16032647797204916,3.307767624993926,0.3042577056630144,1.0715627166831379,42.0,46658.0,0.0,3.1645891344225086,0.8237406224817843,0.060418704776345075,0.02402923208334156,0.0,0.08278558674155155,0.48018229732642304,0.22461745465123975,1.7352230226671375,0.18820670649812027,1.742562342334438,8.0,3972.0,0.0
53,4.05484519599122,8.15492974138292e-05,True,True,True,True,4.137633207932259,1.2551954209225848,0.06729261085246373,0.04626184842974237,0.0,0.9823242599524341,1.5284541567552437,0.1614215887576631,3.357879786815458,0.2979287808959924,1.0506699050514443,45.0,46702.0,0.0,3.1424722284884066,0.8237406224817843,0.060418704776345075,0.02402923208334156,0.0,0.08278558674155155,0.48018229732642304,0.22461745465123975,1.7352230226671375,0.18820670649812027,1.7204454041816093,8.0,3972.0,0.0
54,4.03724338702159,7.32481547598021e-05,True,True,True,True,4.251988434097142,1.2612705080254565,0.06656176821120734,0.04701117795069241,0.0,0.9810253358581691,1.5278208730290237,0.16027607327526056,3.2837786651352077,0.32129757033968437,1.1606286231753895,33.0,46555.0,0.0,3.15248535130475,0.8237406224817843,0.060418704776345075,0.02402923208334156,0.0,0.08278558674155155,0.48018229732642304,0.22461745465123975,1.7352230226671375,0.18820670649812027,1.7304586462072424,8.0,3972.0,0.0
55,4.191812229983043,6.618523251269258e-05,True,True,True,True,4.178249308206503,1.2501444423082964,0.06644051992198796,0.04627571499101745,0.0,0.9740763468649781,1.5158065464890118,0.15681569285473776,3.2905174111856996,0.3044882630838931,1.1130876957791522,50.0,46627.0,0.0,3.161212347649239,0.8237406224817843,0.060418704776345075,0.02402923208334156,0.0,0.08278558674155155,0.48018229732642304,0.22461745465123975,1.7352230226671375,0.18820670649812027,1.7391855394518054,8.0,3972.0,0.0
56,3.9644759739749134,6.037988965144232e-05,True,True,True,True,4.307882582099692,1.2577205502871172,0.06686184678262877,0.04574554768002149,0.0,0.9850685816366695,1.5362272748669374,0.15837353634313472,3.3000836974208796,0.3022729844144247,1.21366298893123,48.0,46729.0,0.0,3.1499501821157097,0.8237406224817843,0.060418704776345075,0.02402923208334156,0.0,0.08278558674155155,0.48018229732642304,0.22461745465123975,1.7352230226671375,0.18820670649812027,1.727923286927713,8.0,3972.0,0.0
57,4.051608292007586,5.5848038217309625e-05,True,True,True,True,4.163549423217773,1.2560930992793111,0.06657642277988415,0.04682198322369057,0.0,0.9834729074274452,1.5301002437628588,0.16336324478237374,3.299897781853537,0.29620813773673715,1.0730646605630523,33.0,46524.0,0.0,3.148901449667441,0.8237406224817843,0.060418704776345075,0.02402923208334156,0.0,0.08278558674155155,0.48018229732642304,0.22461745465123975,1.7352230226671375,0.18820670649812027,1.7268746495246887,8.0,3972.0,0.0
58,4.145967673015548,5.260209970007014e-05,True,True,True,True,4.249835856909891,1.2550052867352384,0.06607320854096736,0.046621117451526584,0.0,0.9938281647209982,1.5391600409757744,0.15954408845276508,3.308123611709447,0.30922468975909706,1.1510801060685834,41.0,46271.0,0.0,3.155970895612562,0.8237406224817843,0.060418704776345075,0.02402923208334156,0.0,0.08278558674155155,0.48018229732642304,0.22461745465123975,1.7352230226671375,0.18820670649812027,1.7339440793604464,8.0,3972.0,0.0
59,4.221982809016481,5.065097099157743e-05,True,True,True,True,4.248653360940878,1.259816550514073,0.06672410724811184,0.04708176301521005,0.0,1.0030181454223337,1.5578690686272185,0.15744024746626326,3.2995192356479977,0.2956784301012465,1.126399856169247,29.0,46367.0,0.0,3.151400327682495,0.8237406224817843,0.060418704776345075,0.02402923208334156,0.0,0.08278558674155155,0.48018229732642304,0.22461745465123975,1.7352230226671375,0.18820670649812027,1.729373416385135,8.0,3972.0,0.0
60,4.173977032973198,5e-05,True,True,True,True,4.127095912266704,1.2566395454036379,0.06649824325899475,0.047631624688222574,0.0,0.9909376820314277,1.52791627749656,0.16078265445324982,3.3429902433191687,0.3009868426230347,1.0345290945571604,37.0,46526.0,0.0,3.152131982751795,0.8237406224817843,0.060418704776345075,0.02402923208334156,0.0,0.08278558674155155,0.48018229732642304,0.22461745465123975,1.7352230226671375,0.18820670649812027,1.7301051906637244,8.0,3972.0,0.0
