epoch,seconds,lr,feature_frozen,shared_frozen,train_total,train_center,train_offset,train_orientation,train_half_length,train_family,train_identity,train_roi,train_target_collisions,train_target_votes,train_hard_negative_samples,valid_total,valid_center,valid_offset,valid_orientation,valid_half_length,valid_family,valid_identity,valid_roi,valid_target_collisions,valid_target_votes,valid_hard_negative_samples
1,11.212019205995603,0.0004970759808913452,True,True,3.3752164459228515,0.9723236203193665,0.0770663583278656,0.012144593149423599,0.0,0.5957645654678345,1.7104369449615477,1.4659437561035156,8.0,101551.0,119.0,3.252938747406006,0.9815207624435425,0.07716883540153503,0.016637382730841636,0.0,0.5626068615913391,1.576465311050415,1.4279187393188477,0.0,13378.0,0.0
2,7.632857075004722,0.0004883759226200989,True,True,2.9979927730560303,0.9723748397827149,0.07723448455333709,0.0122898356243968,0.0,0.48158440470695496,1.317583408355713,1.4142276573181152,9.0,100998.0,117.0,2.845823440551758,0.9815207624435425,0.07716883540153503,0.016637382730841636,0.0,0.4332887244224548,1.1599530124664306,1.367774610519409,0.0,13378.0,0.0
3,8.300042552000377,0.0004741140494947373,True,True,2.706639537811279,0.9693124318122863,0.07744224399328231,0.012277020700275898,0.0,0.3851765215396881,1.0481003975868226,1.3378885936737062,7.0,101216.0,122.0,2.5953168201446535,0.9815207624435425,0.07716883540153503,0.016637382730841636,0.0,0.34700370609760284,0.9526970887184143,1.2639303970336915,0.0,13378.0,0.0
4,7.110575073995278,0.00045464153616405,True,True,2.5606727409362793,0.9706211400032043,0.07732168525457382,0.012818574383854866,0.0,0.3378905296325684,0.9381750392913818,1.2546695804595946,12.0,100766.0,125.0,2.493277711868286,0.9815207624435425,0.07716883540153503,0.016637382730841636,0.0,0.3235361313819885,0.9060761857032776,1.1532512140274047,0.0,13378.0,0.0
5,7.465595305999159,0.000430437860531805,True,True,2.4822313594818115,0.969196572303772,0.07764207005500794,0.012205501757562161,0.0,0.3253886008262634,0.8980892539024353,1.1738519763946533,16.0,100798.0,122.0,2.418271179199219,0.9815207624435425,0.07716883540153503,0.016637382730841636,0.0,0.3033378058671951,0.8606189632415772,1.0916222262382507,0.0,13378.0,0.0
6,8.380627226011711,0.00040209899741946233,True,True,2.417136754989624,0.9750983810424805,0.07771246612071991,0.012328638955950736,0.0,0.31158077597618106,0.86079265832901,1.1012247467041016,7.0,101028.0,120.0,2.3506422424316407,0.9815207624435425,0.07716883540153503,0.016637382730841636,0.0,0.2933107316493988,0.8229121208190918,1.02295156955719,0.0,13378.0,0.0
7,8.370100003987318,0.00037032274368814234,True,True,2.3605986785888673,0.9739017319679261,0.07725752532482147,0.01250951286405325,0.0,0.3020725393295288,0.8383354640007019,1.0342841267585754,10.0,101508.0,116.0,2.2993414545059205,0.9815207624435425,0.07716883540153503,0.016637382730841636,0.0,0.2851226061582565,0.8014093589782715,0.9607922530174255,0.0,13378.0,0.0
8,8.270739243991557,0.00033589153616405,True,True,2.322766065597534,0.9794632339477539,0.0772557094693184,0.012891563028097153,0.0,0.298424209356308,0.8214949655532837,0.9756444001197815,8.0,101231.0,123.0,2.2739650630950927,0.9815207624435425,0.07716883540153503,0.016637382730841636,0.0,0.2903575015068054,0.7946187233924866,0.9149906325340271,0.0,13378.0,0.0
9,7.798680899999454,0.00029965318544705483,True,True,2.2697118377685546,0.9707660722732544,0.07732103019952774,0.012586059980094433,0.0,0.2916301894187927,0.8030875182151794,0.9218157982826233,7.0,102011.0,103.0,2.2189203262329102,0.9815207624435425,0.07716883540153503,0.016637382730841636,0.0,0.26582584738731385,0.7672361731529236,0.8705064225196838,0.0,13378.0,0.0
10,7.70826805800607,0.0002625,True,True,2.227023038864136,0.9670239591598511,0.07712472319602966,0.01248829759657383,0.0,0.2830633819103241,0.7869103240966797,0.8773431801795959,6.0,102222.0,117.0,2.203412218093872,0.9815207624435425,0.07716883540153503,0.016637382730841636,0.0,0.2643705499172211,0.7723855304718018,0.8332217264175416,0.0,13378.0,0.0
11,7.753146322997054,0.00022534681455294522,True,True,2.2018363761901854,0.9689002513885498,0.07731064915657043,0.012545012030750513,0.0,0.27933973968029024,0.7777198266983032,0.8402414846420289,10.0,102602.0,97.0,2.1806607389450074,0.9815207624435425,0.07716883540153503,0.016637382730841636,0.0,0.2619526398181915,0.7744113898277283,0.7870978236198425,0.0,13378.0,0.0
12,8.14424993400462,0.00018910846383595,True,True,2.1953658485412597,0.9759423494338989,0.07750162363052368,0.012338110692799092,0.0,0.27891435503959655,0.7725796508789062,0.8213836860656738,6.0,101066.0,119.0,2.159606294631958,0.9815207624435425,0.07716883540153503,0.016637382730841636,0.0,0.25610867321491243,0.757476179599762,0.7762357330322266,0.0,13378.0,0.0
13,7.6605868530023145,0.00015467725631185763,True,True,2.164217324256897,0.9724735045433044,0.07787243604660034,0.01232414647936821,0.0,0.2673556190729141,0.7607940649986267,0.7945478320121765,6.0,101619.0,120.0,2.145032114982605,0.9815207624435425,0.07716883540153503,0.016637382730841636,0.0,0.2536323022842407,0.7539389646053314,0.7548696804046631,0.0,13378.0,0.0
14,7.775217459988198,0.00012290100258053764,True,True,2.146787338256836,0.9711302423477173,0.07736216574907302,0.011886748671531677,0.0,0.26706092059612274,0.7525690531730652,0.7769018459320068,8.0,101406.0,125.0,2.146890335083008,0.9815207624435425,0.07716883540153503,0.016637382730841636,0.0,0.25348134636878966,0.7677410411834716,0.7380336809158325,0.0,13378.0,0.0
15,7.319547721999697,9.456213946819496e-05,True,True,2.13950138092041,0.9719448041915894,0.07722745269536972,0.012536666020751,0.0,0.26457866191864016,0.7536031651496887,0.760601487159729,8.0,101886.0,127.0,2.1162143993377684,0.9815207624435425,0.07716883540153503,0.016637382730841636,0.0,0.2502500075101852,0.7407688140869141,0.7203715848922729,0.0,13378.0,0.0
16,7.989127509004902,7.035846383595e-05,True,True,2.112275652885437,0.9663923835754394,0.07715774059295655,0.012077718414366246,0.0,0.25994937896728515,0.740277886390686,0.7429294347763061,10.0,102478.0,104.0,2.123517837524414,0.9815207624435425,0.07716883540153503,0.016637382730841636,0.0,0.25241034746170044,0.7516855120658874,0.7164429354667664,0.0,13378.0,0.0
17,8.58056516898796,5.088595050526265e-05,True,True,2.1263580083847047,0.9713611745834351,0.07796463698148727,0.012538075745105744,0.0,0.2642132347822189,0.7470797109603882,0.7441554927825927,11.0,101153.0,125.0,2.103617577552795,0.9815207624435425,0.07716883540153503,0.016637382730841636,0.0,0.24500070214271547,0.7338710272312164,0.710774028301239,0.0,13378.0,0.0
18,7.844348872997216,3.662407737990104e-05,True,True,2.115777974128723,0.9704051351547242,0.0779473015666008,0.011939260568469763,0.0,0.2592511636018753,0.7415013194084168,0.7394694328308106,14.0,101169.0,124.0,2.103300304412842,0.9815207624435425,0.07716883540153503,0.016637382730841636,0.0,0.24455668151378632,0.7381681752204895,0.7041377782821655,0.0,13378.0,0.0
19,8.319169862006675,2.792401910865481e-05,True,True,2.1033737230300904,0.9673324537277221,0.07734835863113404,0.012502071112394333,0.0,0.2581506609916687,0.7370437121391297,0.7286654877662658,9.0,102278.0,108.0,2.1027061843872072,0.9815207624435425,0.07716883540153503,0.016637382730841636,0.0,0.244979607462883,0.7389643526077271,0.7013322067260742,0.0,13378.0,0.0
20,7.440345561000868,2.5e-05,True,True,2.1204690074920656,0.9737659478187561,0.077611483335495,0.013083809353411198,0.0,0.2626619642972946,0.7448627710342407,0.7320594120025635,9.0,101468.0,116.0,2.09975661277771,0.9815207624435425,0.07716883540153503,0.016637382730841636,0.0,0.24393399238586425,0.7369176256656647,0.6995488333702088,0.0,13378.0,0.0
