epoch,seconds,lr,feature_frozen,shared_frozen,train_total,train_center,train_offset,train_orientation,train_half_length,train_family,train_identity,train_identity_accuracy,train_roi,train_target_collisions,train_target_votes,train_hard_negative_samples,valid_total,valid_center,valid_offset,valid_orientation,valid_half_length,valid_family,valid_identity,valid_identity_accuracy,valid_roi,valid_target_collisions,valid_target_votes,valid_hard_negative_samples
1,5.551069980981993,7.988285868185887e-05,True,True,3.764754527205721,1.432623446534533,0.07417770926285228,0.05738769444303775,0.0,0.28093056230370056,1.2001567215000817,0.5954927195102797,0.5197304465355129,37.0,37002.0,67.0,4.31755104580441,1.6548665278666728,0.07944616776060413,0.06729769616110905,0.0,0.3157726483973297,1.3874205447532035,0.5101270144050186,0.5538470914234986,8.0,3972.0,0.0
2,3.39876711400575,7.953215694261525e-05,True,True,3.475027248400067,1.3876794735226063,0.07171230216365342,0.049085424854121075,0.0,0.26476420175044907,1.0478758117474547,0.6145495455199426,0.5247084982351425,35.0,36576.0,68.0,4.078614054499446,1.6293650478930086,0.07535140619084642,0.06345060997567065,0.0,0.29018392997819026,1.2593366358731244,0.5291080531236287,0.5527003367204923,8.0,3972.0,0.0
3,3.1450954930041917,7.895005697511172e-05,True,True,3.4548834354505624,1.4082471733793207,0.07064757981431594,0.0508770068782732,0.0,0.2540588589436417,1.0345741794743668,0.5987803711803681,0.49244200199022203,48.0,38302.0,62.0,3.937351600543873,1.6098804699408042,0.07263329866770152,0.06061739648214063,0.0,0.2776904354828435,1.188063914711411,0.5400061494595295,0.5465585951869553,8.0,3972.0,0.0
4,3.3951675120042637,7.814014761921584e-05,True,False,3.3718657799817007,1.374249700012557,0.06933890884622522,0.05944554589757132,0.0,0.2353118355941335,0.9759723336324779,0.6076956281968213,0.5744343416406474,29.0,36088.0,75.0,3.494842039572226,1.2903989682326447,0.06421954708324897,0.054579459596425295,0.0,0.2753544243404994,1.1146265912700344,0.5676006900297629,0.5520539154877534,8.0,3972.0,0.0
5,3.2146727679937612,7.710742223542889e-05,True,False,3.0334585916011707,1.1473011992393283,0.06640521929078146,0.04057857958138536,0.0,0.2320777043836926,0.9400884875463783,0.6316174066394841,0.5060040961711778,22.0,35925.0,78.0,3.3580355837538436,1.242518592525173,0.06426825605936952,0.050642004966534475,0.0,0.25694928272954515,1.0664788710104454,0.5842383165617246,0.5448275208473206,8.0,3972.0,0.0
6,3.372704095003428,7.585824791915797e-05,True,False,3.18586600592377,1.1963165528183684,0.06680824464067407,0.04755329364620217,0.0,0.2658499780051205,0.9886443571213188,0.615807958152316,0.5185928339258247,32.0,36321.0,64.0,3.3284682196539803,1.221554177838403,0.06588341980367093,0.04865445851071461,0.0,0.2624784459334773,1.0612323831867527,0.5897841920723786,0.5385766480420087,8.0,3972.0,0.0
7,3.589190831000451,7.44003262454555e-05,True,False,3.150517896774712,1.1981683313299756,0.06791627366061605,0.04882898728508468,0.0,0.259636232475622,0.9643421966001529,0.6149733564175597,0.5185458507012883,30.0,37742.0,63.0,3.2586031475582637,1.2081206988643955,0.06657924724591745,0.04658686508097359,0.0,0.2445521213214945,1.0349316564766136,0.5912851924831802,0.5252857457947087,8.0,3972.0,0.0
8,3.536252838006476,7.2742645786248e-05,True,False,2.872788271772752,1.109133751020519,0.06458928562495686,0.04283306713497967,0.0,0.21658217291766352,0.8763677532519769,0.6507486908807667,0.4667789175969745,35.0,38678.0,52.0,3.2128653268556335,1.1892344065614648,0.06590446568018682,0.04613788510244843,0.0,0.23889146611799258,1.0226884613165985,0.590813510321282,0.516220332802953,8.0,3972.0,0.0
9,4.374786926986417,7.089542669280119e-05,False,False,2.78046502104593,1.0383275927753624,0.06571920236589712,0.03437324257892206,0.0,0.2199097308543844,0.8747415766803497,0.6540967258838338,0.43995553446472235,46.0,35965.0,67.0,2.97748115256026,1.0787032826526746,0.06497971250398739,0.04460096706611079,0.0,0.2184619375731091,0.9620375294943113,0.6151701614663407,0.4738197745503606,8.0,3972.0,0.0
10,3.8792686790111475,6.887005768508881e-05,False,False,2.4541065299182856,0.9343226579351163,0.06410504932250452,0.029641858959963564,0.0,0.17177790129950288,0.7595859744133205,0.6913476739454707,0.40153814018319506,31.0,36865.0,76.0,2.662226386972376,0.9582681768649334,0.06339064421685967,0.038803997399235096,0.0,0.205478756310972,0.8849834944750812,0.6366325761820819,0.3430981297750731,8.0,3972.0,0.0
11,3.855351507983869,6.667902583654699e-05,False,False,2.290987983756109,0.9091142448810262,0.06327278194350934,0.027455977172753134,0.0,0.1387743923232096,0.6776536905437435,0.7231441550298568,0.41055446097610193,16.0,35524.0,82.0,2.576789044045113,0.9390887440861883,0.06408950001806826,0.036685944408983796,0.0,0.20563150583640546,0.8570763355976826,0.6501265570924089,0.2969893853406648,8.0,3972.0,0.0
12,3.842252684000414,6.433583958711398e-05,False,False,2.256753984941255,0.8863788952521228,0.06403178332048819,0.024839889121438384,0.0,0.16197010649180194,0.6887221134037053,0.7190009437569784,0.3348704601099732,43.0,37437.0,69.0,2.474758805455388,0.915587264138299,0.06331160825652045,0.036176793654826844,0.0,0.18139572564915224,0.8154154564883258,0.6546582716542322,0.29172402861956004,8.0,3972.0,0.0
13,4.099932267999975,6.185494545920605e-05,False,False,2.2764601488725855,0.9029575181663583,0.06366292558131961,0.02931789831694113,0.0,0.1424148997309011,0.6900535849256253,0.7093734030329854,0.34846790996166543,36.0,38951.0,68.0,2.426595127260363,0.9106390089602083,0.0634302635853355,0.034370636718498694,0.0,0.1635640754137893,0.7976383905153017,0.6704889125115162,0.27983116378655304,8.0,3972.0,0.0
14,4.064418911992107,5.925163899010277e-05,False,False,2.04414785017661,0.8463899925214435,0.0628141461435808,0.023445021361112595,0.0,0.11947039849714401,0.6013174171841472,0.754163133441855,0.2995746966895707,27.0,38071.0,54.0,2.385084242434115,0.9114639050251728,0.06324652018579277,0.03373495932366397,0.0,0.15380435590506406,0.7732817740053743,0.6783073480064804,0.27962792966816874,8.0,3972.0,0.0
15,3.7463173719879705,5.654197042987341e-05,False,False,2.1991586007109474,0.9024889179325979,0.06365840957252257,0.03061665454452191,0.0,0.1429149926802434,0.6442756013039055,0.7303261379583166,0.3290474860493196,24.0,38083.0,57.0,2.3907783546963253,0.9076353118226335,0.06243266014231218,0.03308210737147444,0.0,0.1473704970794151,0.7815075017310478,0.6766631691842466,0.2833637393809654,8.0,3972.0,0.0
16,4.089906636974774,5.3742645786248e-05,False,False,2.0891415001055518,0.8583875566447546,0.062389469543181426,0.027276860772196307,0.0,0.12122346187403443,0.6098182507611196,0.756506249445294,0.33149697693116076,32.0,37249.0,68.0,2.333185234585324,0.8961520404429049,0.06321591722804147,0.03185278449106861,0.0,0.1515095064139648,0.7581344842910767,0.6856254911100542,0.2580159403182365,8.0,3972.0,0.0
17,3.70486894500209,5.087092382652441e-05,False,False,2.04297287311029,0.8481439450465211,0.06285332744821497,0.020571483401667087,0.0,0.11032869325045051,0.6047166531239081,0.7451487139824333,0.2983295075390317,30.0,37030.0,56.0,2.318331460695009,0.8942732521005579,0.0634785365011241,0.03229047602193581,0.0,0.1520375008820682,0.7475906771582526,0.6734185234920399,0.26176916989120275,8.0,3972.0,0.0
18,4.1884831709903665,4.794450967152877e-05,False,False,1.9219941447634217,0.84338138136295,0.06125756226685069,0.02337207380306283,0.0,0.09715217399761217,0.5200984931867058,0.7805536608083532,0.3305185825452892,24.0,37760.0,75.0,2.282624560433465,0.8856339744619421,0.06232474452337703,0.03265864887853732,0.0,0.1497211613994394,0.732816307931333,0.6840891161480466,0.2558441129890648,8.0,3972.0,0.0
19,3.900222180993296,4.4981445637658104e-05,False,False,2.082888242301591,0.8821726129689348,0.06271380288611858,0.027170465831909706,0.0,0.11697289675747582,0.5857204860503521,0.7526846046841472,0.3475283838193351,20.0,37114.0,72.0,2.2448702309582687,0.883147204244459,0.06208888884331729,0.03131287809259988,0.0,0.13587502534878818,0.7157620755401818,0.6949096040145771,0.25348109892896703,8.0,3972.0,0.0
20,3.9990887910244055,4.199999999999999e-05,False,False,2.055828884107257,0.8642190908073285,0.062219240796675374,0.02151990574229201,0.0,0.11948309264598636,0.5978962724361945,0.7466160742514724,0.30256939494828566,31.0,39004.0,58.0,2.228263178387204,0.8780037744625194,0.06248031627084758,0.03089075760815192,0.0,0.13023457983256997,0.7127294830373816,0.6990689997737473,0.24535357468837016,8.0,3972.0,0.0
21,3.9229272269876674,3.901855436234189e-05,False,False,2.0684109455948576,0.8687786421644579,0.06186149546175922,0.027370934622413523,0.0,0.1205987289821336,0.5973879290283273,0.7526223150961989,0.3080372208849006,37.0,37793.0,57.0,2.19062091208793,0.8729902634749541,0.06224544779271693,0.030753201779884262,0.0,0.13006442904195473,0.6911649124042408,0.7159997514776282,0.2457050085067749,8.0,3972.0,0.0
22,4.017325663997326,3.605549032847123e-05,False,False,2.0164783657143968,0.865202519871773,0.06256695283115457,0.028776349790325954,0.0,0.11389590088927418,0.5731683357046284,0.7570608876167088,0.286464244947521,22.0,39602.0,47.0,2.1987325371922672,0.870849791410807,0.0618107585689506,0.031089027764628064,0.0,0.13004332696515564,0.698089954015371,0.7099603317879342,0.2456530227854445,8.0,3972.0,0.0
23,3.7584453110175673,3.312907617347559e-05,False,False,1.923502280077803,0.8420640448911474,0.06143320211713467,0.02222890673427407,0.0,0.08608801375835314,0.5320097804069519,0.7713067712040123,0.3134349130709237,30.0,36135.0,64.0,2.2029720834783606,0.8710560089833027,0.06144776003989014,0.03080667048138944,0.0,0.13668994236787832,0.698714433489619,0.7089882541347194,0.24648975198333328,8.0,3972.0,0.0
24,3.700090055994224,3.025735421375199e-05,False,False,2.068101574521546,0.8710821407650589,0.06208234297436312,0.029440317952304805,0.0,0.12075764658527637,0.5947791075487749,0.7536286547643329,0.30589858681783766,27.0,37158.0,47.0,2.1945481815853634,0.8679923189652933,0.061033590419872386,0.030852441877328062,0.0,0.13295269008046268,0.6961311504647538,0.7133767782030879,0.2479937004076468,8.0,3972.0,0.0
25,3.691802651010221,2.745802957012658e-05,False,False,1.9923200454186956,0.8524761528050134,0.06102434057024641,0.02358754088572406,0.0,0.0994016905443384,0.5646356694195249,0.7537942747457311,0.3171553149682666,34.0,36135.0,64.0,2.1881714447124585,0.8711779423662134,0.06206952639528223,0.02903040074365767,0.0,0.12404137288497107,0.6954573119008863,0.7043149938454499,0.24137373711611773,8.0,3972.0,0.0
26,3.815664043009747,2.474836100989721e-05,False,False,1.877221635722239,0.8183637152024366,0.061244430003363055,0.01786814313894565,0.0,0.09029632656399263,0.530603786127283,0.7692385201060444,0.2773830596733531,34.0,38534.0,56.0,2.155996780137758,0.8670633322483784,0.06189144775271416,0.029184733555224295,0.0,0.12385505098673338,0.678002202833021,0.7126119233466484,0.2378530292897611,8.0,3972.0,0.0
27,3.8468809030018747,2.214505454079393e-05,False,False,1.9598292232653416,0.8465345633139304,0.0626373139269855,0.02367324108650925,0.0,0.09942810059687414,0.5467822185350121,0.7619764990762833,0.31419334963921014,32.0,36202.0,67.0,2.144165954074344,0.866704434961886,0.06150195052897608,0.02855739023888836,0.0,0.12213770616673739,0.6696225533614287,0.7265911505029008,0.24379867315292358,8.0,3972.0,0.0
28,3.7953479880234227,1.966416041288601e-05,False,False,2.0043812760519324,0.85189738678276,0.06166377315007218,0.024381476309184635,0.0,0.1116265677804247,0.566225872127288,0.7639778568110335,0.32257298865449535,31.0,37933.0,71.0,2.1400877656163395,0.865808633533684,0.06133836105063155,0.028543559570066834,0.0,0.12275275450854285,0.6687519727526484,0.7275345663766604,0.23978576869577975,8.0,3972.0,0.0
29,3.6147786719957367,1.7320974163453013e-05,False,False,2.0964160490473476,0.8700356986544547,0.06227140894176763,0.025606656976796073,0.0,0.12660802627375367,0.5966685698666704,0.7492399237571506,0.3603909253527265,34.0,35673.0,86.0,2.121885596094905,0.8646312017698545,0.06127336168208638,0.028534771962645086,0.0,0.1213595010403141,0.6592475755794628,0.732372918644467,0.23579022127228813,8.0,3972.0,0.0
30,3.9164751999778673,1.5129942314911185e-05,False,False,1.8903084763693154,0.8202262531726732,0.06062888996590168,0.02120596368651871,0.0,0.09269431452138709,0.5306687032410858,0.7644820634378205,0.29179425578598583,18.0,37844.0,64.0,2.1043048549342798,0.8634759848182266,0.06144845495755608,0.027845506946480757,0.0,0.12097107498226939,0.6502466991141036,0.736510460441177,0.2313582905240961,8.0,3972.0,0.0
31,3.7737876670144033,1.3104573307198815e-05,False,False,2.016752918925854,0.8541283350472056,0.06098105266280131,0.023243573519888275,0.0,0.10894813709849611,0.5642840091241609,0.7542199547137689,0.35499969179477164,24.0,35226.0,88.0,2.112332601804991,0.8647434099300487,0.06131119915359729,0.027999408467597253,0.0,0.12089774653164519,0.652683296719113,0.7374824865444286,0.23760947101824992,8.0,3972.0,0.0
32,3.7983596789999865,1.1257354213751992e-05,False,False,1.989545585912302,0.8578103135485168,0.0627457960551485,0.025524588216335402,0.0,0.11574415411424199,0.5566297332081226,0.7709823048442875,0.3012964408332055,28.0,37912.0,58.0,2.1059691326038257,0.8619252024470149,0.06141039094812161,0.027165975988011907,0.0,0.12211460745390001,0.6532426428150486,0.7336734484981846,0.22909246747558182,8.0,3972.0,0.0
33,4.0744609360117465,9.59967375454449e-06,False,False,1.8574823009858437,0.8358330075893927,0.06259119257741018,0.023037268566565777,0.0,0.08656924409330438,0.49193814424199794,0.7967927751191165,0.30965803098787953,16.0,37544.0,69.0,2.1090551067042993,0.862245583856428,0.061391572090419566,0.027378269987231172,0.0,0.12070433912496711,0.6550956867836617,0.7286279249835659,0.2300877426121686,8.0,3972.0,0.0
34,3.714448815997457,8.14175208084202e-06,False,False,1.8871215024125685,0.8349124061951944,0.06192975723688755,0.02207042877519623,0.0,0.08879916219536317,0.5160340776137256,0.7757266070864616,0.2995164675996938,32.0,38883.0,63.0,2.1129351822105615,0.8614790955105344,0.06133390389181472,0.02721478937294435,0.0,0.12052097013597754,0.6581516733040681,0.7282134793900155,0.2308388175191106,8.0,3972.0,0.0
35,3.5923294330132194,6.892577764571101e-06,False,False,1.8410551165222029,0.8088139273704739,0.05995085821786058,0.020087752021302325,0.0,0.08071091593405523,0.5034364358000799,0.7814490368606848,0.31338492719405286,29.0,36036.0,72.0,2.1087029946816935,0.8625235992508966,0.06133529312304548,0.027273169831951726,0.0,0.12033302063827177,0.6534822534870457,0.729013708797661,0.23436198846713915,8.0,3972.0,0.0
36,3.8263870060036425,5.8598523807841645e-06,False,False,1.7960307499684325,0.815335877444766,0.059945584505523015,0.022918536780624214,0.0,0.07799088835306124,0.4831243220272414,0.7926171405599751,0.2682976789704157,22.0,38292.0,50.0,2.1058292002291292,0.8608938262269303,0.061252011036550674,0.026756090011346986,0.0,0.11799841389261387,0.6548396880562241,0.7243253508129636,0.23133692225894412,8.0,3972.0,0.0
37,3.8414772149990313,5.049943024888291e-06,False,False,1.9513036865706836,0.8424394978295773,0.06261354284959102,0.02341527535383581,0.0,0.10460945936517978,0.5470024596113677,0.7661173792060362,0.3000539469472859,32.0,37740.0,64.0,2.1017104677251868,0.8611432571668882,0.06145063817903802,0.026098682796834288,0.0,0.11727517095042041,0.6523862400570432,0.7265120084221298,0.23160163776294604,8.0,3972.0,0.0
38,3.8446434949873947,4.467843057384769e-06,False,False,1.8824887341315593,0.8298248243988107,0.06128439440503033,0.02478543081141393,0.0,0.09069082988511531,0.5145239753460665,0.7784921696426672,0.2989254269851457,25.0,37645.0,63.0,2.1000646256111763,0.8603378695410651,0.06154581280173482,0.026088719533101934,0.0,0.11859366568308827,0.651685436029692,0.7251255802206091,0.2305344423732242,8.0,3972.0,0.0
39,3.9478862690157257,4.117141318141138e-06,False,False,1.9401035374457682,0.8385985646772822,0.06046596955542171,0.022229343404942148,0.0,0.09723843996404508,0.54516405468687,0.7708745784715775,0.30488874441986785,35.0,37265.0,62.0,2.096340546736846,0.8607137654278729,0.06158910228593929,0.026260780497781328,0.0,0.11972497148137237,0.6479570930068558,0.7281629990886997,0.23195738889075615,8.0,3972.0,0.0
40,3.926260039996123,4.000000000000001e-06,False,False,1.9308375142036227,0.842120727267834,0.06067058707185841,0.021770715166669372,0.0,0.09501393556321433,0.527076391998781,0.7778447953932875,0.336307839516106,11.0,35371.0,77.0,2.0997356724094702,0.8613633867856618,0.06140184754858146,0.026378768760509586,0.0,0.12048047171226023,0.6487579281265671,0.73060741134592,0.23442912907213778,8.0,3972.0,0.0
